<?xml version="1.0" encoding="utf-8"?>
<iTeroExport Version="3.0">
	<RxInfo>
		<OrderID>99085894</OrderID>
		<OrderCode>03F91258</OrderCode>
		<CaseTypeID>13</CaseTypeID>
		<CaseTypeName>iRecord</CaseTypeName>
		<Patient>Nasreen, Azari-Norris</Patient>
		<Doctor>Dr. Siddiqui, Kareem</Doctor>
		<DoctorID>57755</DoctorID>
		<DoctorLicense>101521</DoctorLicense>
		<DoctorCompanyID>26445</DoctorCompanyID>
		<LabID>-1</LabID>
		<PracticeShipToAddress>Leven Vale Dental Practice Low Lane Yarm N/A United Kingdom TS15 9JT</PracticeShipToAddress>
		<ExportTime>11/23/2022 09:58:27</ExportTime>
		<UtcOffset>0</UtcOffset>
		<CaaSVersion>0.8.1.15</CaaSVersion>
		<iTeroVersion>2.8.0.1267</iTeroVersion>
	</RxInfo>
	<ExportedObjects>
		<Object ObjectType="Image" SubType="Gallery" FileName="gallery_#99085894.jpg"/>
		<Object ObjectType="Surface" SubType="Jaw" JawId="Lower" FileName="99085894_shell_occlusion_l.stl"/>
		<Object ObjectType="Surface" SubType="Jaw" JawId="Upper" FileName="99085894_shell_occlusion_u.stl"/>
	</ExportedObjects>
	<ActualUsedTransforms>
		<Transformation>-1.000000 -0.000000 0.000000 0.000000 0.000000 -1.000000 0.000000 0.000000 0.000000 0.000000 1.000000 0.000000 0.000000 0.000000 0.000000 1.000000</Transformation>
		<Transformation>-1.000000 -0.000000 0.000000 0.000000 0.000000 -1.000000 0.000000 0.000000 0.000000 0.000000 1.000000 0.000000 0.000000 0.000000 0.000000 1.000000</Transformation>
	</ActualUsedTransforms>
</iTeroExport>
